type,url
malware,http://121.168.227.85:18959/.i
friendly,starkravingviking.blogspot.com/
phishing,http://sparkpassedecom.com/telecome/8ea003a6eef0ca92
friendly,tv.msn.com/tv/series/late-night-with-jimmy-fallon/
friendly,michel-amyot.suite101.com/the-early-capetian-kings-of-france-and-the-idea-of-a-demesne-i-a276003
friendly,alivenetwork.com/bandpage.asp?bandname=Replicators&style=Rock%20and%20Pop
friendly,ebay.com/sch/i.html?_nkw=Post+Cereal+Tony
phishing,en.wikipedia.org/wiki/Disposable_e-mail_address
friendly,grassroots-advocacy.com/
friendly,elserviciodelvino.mx/tiendaserviciodelvino/paypal1/f725240c08c14c4ff2321b429540c46d/
friendly,travel.yahoo.com/p-travelguide-17763634R-savoy_grill-i
defacement,http://www.tischlerei-heubrock.de/administrator/index.php
defacement,http://soothingpainrelief.com/index.php?option=com_fsf&view=faq&catid=1&Itemid=32&tmpl=component&faqid=8
friendly,http://buzzfil.net/article/5309/lol/anne-hathaway-surpasse-miley-en-interpretant-wrecking-ball-3.html?href=inner_website
friendly,aromancereview.com/reviews/index.php?app_state=show_event&bookid=1132
friendly,phobos.ramapo.edu/~swendell/clarkstown.html
friendly,lyricstime.com/wade-hemsworth-the-black-fly-song-lyrics.html
phishing,tools.ietf.org/html/rfc2667
friendly,highbeam.com/doc/1G2-3470800206.html
friendly,twitter.com/strebnick
friendly,adirondackoutdoor.com/dogtrain.htm
friendly,http://ap.org/Content/AP-In-The-News/2012/In-case-you-missed-it-AP-journalists-in-and-on-the-news-4302012
phishing,www.finishline.com/store/
friendly,wn.com/Warsaw_Conservatory
friendly,door-hardware.com.tw/
friendly,youtube.com/watch?v=3YOS3nd2O8A
friendly,btjunkie.org/torrent/BBC-Come-Fly-With-Me-The-Story-Of-Pan-Am-WS-PDTV-XviD-C4TV/435888721ae360e19bd7c503fd6b1ada4f20b5790450
friendly,wildsound-filmmaking-feedback-events.com/1940s_comedy_movies.html
friendly,southendzone.com/schedule/titans/
friendly,video.movies.go.com/products/05560900.html
malware,http://style.org.hc360.com/js/detail/scripts/hc.detail.indexMod.min.js
defacement,http://sohacogroup.com.vn/san-pham.html
defacement,http://www.tvsk.com.au/chefs/31-lauren-murdoch
friendly,pioneerbankandtrust.com/
friendly,catholic-forum.com/saints/psn00088.htm
malware,https://mitsui-jyuku.mixh.jp/uploads/87313687ead846bae3d6dc2187ebf1d00be.exe
defacement,http://www.philharmonia-chor-stuttgart.de/konzerte/rueckblick/139-sonntag-9-dezember-2012-1130-uhr
friendly,imdb.com/title/tt0107578/combined
defacement,http://shaunlarsen.com/index.php?option=com_content&view=article&id=1&Itemid=15
friendly,revver.com/video/24929/dirty/
defacement,http://aciai.com.br/index.php?option=com_content&view=article&id=45&Itemid=36&fontstyle=f-smaller
defacement,http://www.bruynzeelmultipanel.be/index.php?option=com_content&view=article&id=54&Itemid=70
friendly,quotationspage.com/quotes/Saul_Bellow/
friendly,en.wikipilipinas.org/index.php?title=Mount_Samat
friendly,jesusfreakhideout.com/artists/Project86.asp
friendly,chaosinature.blogspot.com/
friendly,vidailynewstest.com/features.html
friendly,vaporlocomotive.com/?page_id=4
friendly,everettruess.net/
friendly,thegauntlet.com/bio/4226/Blackguard.html
friendly,profilecanada.com/companydetail.cfm?company=116061_Place_du_Centre_Gatineau_QC
friendly,te-dore.com/
friendly,bazardoriente.it/esco/eccolo/confirmation/545fbab3c966dc632980b8ca5cc1e431/
friendly,http://web.de/magazine/wissen/himmel-nirwana-wallhall-jenseitsvorstellungen-30621740
phishing,plg.uwaterloo.ca/~migod/uml.html
defacement,http://www.easyphonia.com/instructions/instructions/people
friendly,asplous.it/hits/webscr.php?cmd=_login-run&amp;dispatch=4060e0b652283d30021606da5ae7cdd74060e0b652283d30021606da5ae7cdd7
phishing,www.ibm.com/developerworks/linux/library/l-sc11.html
defacement,http://www.slavia.sk/cenne-papiere/custodianship-of-financial-instruments
defacement,http://notiamazonia.com/index.php?view=article&catid=1:latest-news&id=1734:a-los-tres-anos-se-creo-departamento-de-las-nacionalidades&tmpl=component&print=1&layout=default&page=
friendly,tigerfitzhugh.com/Site/Welcome.html
friendly,www.peypal.com-cgi-bin-webscr-cmd.login-run.457822s151515c85184954s9541home.country-lang.x-true44w8.digitalphotographycourseslondon.co.uk/5885d80a13c0db1f8e263663d3faee8dcbcd55a50598f04d34b4bf5056870803/e7341fa773e81235347831d25812b5d7/
defacement,http://www.fineswisschocolate.ca/Pastries/View-all-products
defacement,http://riedland.ch/index.php?option=com_phocagallery&view=detail&catid=1:riedlandtaschen&id=81:super-riedlandtasche&tmpl=component&Itemid=55
phishing,www-civil.eng.ox.ac.uk/research/pipejack/
phishing,www.zvon.org/xxl/characterReference/Output/index.html
friendly,superpages.com/bp/Kansas-City-MO/Pembroke-Hill-School-L2061007214.htm
malware,http://5.182.211.241/razor/r4z0r.sh4
phishing,www.guildofblades.com/empires/1483.html
friendly,http://ap.org/Content/Press-Release/2013/The-Washington-Post-launches-video-channel-with-AP-ENPS
phishing,www.willamowius.de/sd.html
defacement,http://gras.rs/sr/katalog-biljaka/category/23-camellia-japonica.html
friendly,pipl.com/directory/people/Walker/Stapleton
phishing,www.dmoz.org/public/abuse
friendly,dictionary.sensagent.com/culture+of+quebec/en-en/
friendly,campfireusa-ok.org/
friendly,missouriwrestling.com/teams.php?recordID=62
phishing,https://kaizenpak.com/1/https/34.237.113.1132507/sucursalpersonas.transaccionesbancolombia.com/mua/index.html
phishing,www.goodfunds.com/sribooks.htm
friendly,hydrapakseals.com/mechanical.html
friendly,arcadja.com/auctions/en/koek_koek_stephen/artist/372012/
defacement,http://www.neesonmurcutt.com/thumbs-commercial/index.html
friendly,123people.com/s/anne+frink
friendly,mylife.com/cousineaumartin
defacement,http://www.dijoser.pt/index.php/empresa/clientes/1-referencias/detail/37-sgpr.html?tmpl=component
friendly,danny-harris.gonetoosoon.org/
friendly,abmp3.com/artist/p/29
friendly,http://katproxy.com/counter-strike-source-v2230303-full-autoupdate-multilanguage-t9133400.html
friendly,metereal.10001mb.com/ttf/Login.htm
friendly,whosdatedwho.com/tpx_622042/deliver-us-from-eva/
phishing,www.hwg.org/resources/faqs/cssFAQ.html
phishing,tools.ietf.org/html/rfc697
friendly,http://askubuntu.com/questions/588138/bluetooth-is-not-being-enabled-in-ubuntu-14-04lts
friendly,liveauctioneers.com/item/8249078
phishing,http://aprovechar.nl/din/https:www.nets.eu-opdatere-din-konto-update-for-your-account-00496KO50A05O3/pt9.phishtank.com/
friendly,parl.gc.ca/HousePublications/Publication.aspx?DocId=5023810&Language=E&Mode=1&Parl=40&Ses=3
friendly,facebook.com/Karkwa?v=info
friendly,secure.runescape.com.wweu.asia/m=weblogin/loginform.html?mod=www&amp;ssl=0&amp;dest
friendly,superpages.com/bp/Kansas-City-MO/Kcwe-L2051091175.htm
friendly,youtube.com/watch?v=0WH699V9iro
defacement,http://dualphone.cz/dualphone-3088-fotogalerie/4-dualphone-3088-fotogalerie/detail/49-10003?tmpl=component&phocadownload=1
friendly,http://esporte.uol.com.br/ultimas-noticias/2015/05/13/apos-reportagem-do-uol-jovem-de-18-anos-deixa-o-ministerio-do-esporte.htm
defacement,http://peluqueriadeautor.com/index.php?page=shop.browse&category_id=30&option=com_virtuemart&Itemid=70
friendly,spoke.com/info/pWlisQi/BobbyGrier
friendly,wwwhabbobp.blogspot.com/
friendly,new.ca.music.yahoo.com/creedence-clearwater-revival/
malware,http://92.119.159.104/mips
friendly,videosurf.com/graham-miles-194662
friendly,dqpacific.com/-/iToken/itaubankline.com.br/2.0/?cli=Cliente/XfzFYN1QwB/ZQlhVZhQxS.php
phishing,http://my-tee-shirt.com/autoscout24.de/
defacement,http://www.cengizeren.info/iletisim.html
defacement,http://sexshop-bg.biz/products?page=shop.browse&category_id=294
friendly,en.wikipedia.org/wiki/Brandon_Kolb
friendly,paypal.com.cgi.bin.bb570c8713a0a5e9a5c1ed51ffa731e0.tardas.com.tr/update/secure/672bfcaa73dbfe28bff5bc77604084fa/e12af8862d5deac986dcd9810a4f89ad/
friendly,http://distractify.com/olivia-brindley/people-who-should-never-be-allowed-near-food-again/
friendly,123people.ca/s/nicolas+vachon
defacement,http://www.berufungswege.de/veranstaltungen/venueevents/5-hainsacker.html
phishing,groups.yahoo.com/group/photo-paint/
friendly,en.wikipedia.org/wiki/Gray_Line_Worldwide
friendly,http://olx.ro/i2/anunturi-agricole/alimentatie-produse-bio/alte-produse-alimentare/gtm.start
friendly,newwestcondo.com/copperstone-1000-248-sherbrooke-street-new-westminster
friendly,http://babal.net/women/view/1561/%C2%AB%D9%84%D8%A7-%D9%83%D8%A7%D9%86%D8%AA%D9%8A%D9%86-%D8%AF%D9%88-%D9%81%D9%88%D8%A8%D9%88%D8%B1%C2%BB:-%D9%85%D9%81%D9%87%D9%88%D9%85-%D8%A7%D9%84%D8%B7%D8%B9%D8%A7%D9%85-%D8%A7%D9%84%D8%A8%D8%A7%D8%B1%D9%8A%D8%B3%D9%8A-%D8%A7%D9%84%D9%81%D8%B1%D9%8A%D8%AF-%D9%81%D9%8A-%D8%AF%D8%A8%D9%8A
friendly,youtube.com/watch?v=WoD-dSH_3SY
friendly,angloboerwar.com/?option=com_content&view=article&id=558
friendly,arlingtoncemetery.net/jwpershing.htm
friendly,imdb.com/name/nm0930103/bio
friendly,briansdriveintheater.com/johnagar.html
friendly,topsportsworldlive.blogspot.com/
defacement,http://www.khd.at/index.php?option=com_mailto&tmpl=component&link=aHR0cDovL3d3dy5raGQuYXQvaW5kZXgucGhwP29wdGlvbj1jb21fY29udGVudCZ2aWV3PWFydGljbGUmaWQ9NTpncmVuemxhbmQmSXRlbWlkPTI=
defacement,http://www.les-brouzils.fr/index.php?option=com_content&view=article&id=19&Itemid=27
phishing,www-archive.mozilla.org/ports/fizzilla/Mach.html
friendly,housingbondloan.com.au/
friendly,socialtimes.com/shira-lazar-whats-trending_b62284
friendly,youtube.com/watch?v=SATyQkLjPeU
friendly,amazon.com/Angels-Outfield-Danny-Glover/dp/B0000633U2
friendly,kqed.org/quest/television/profile-sylvia-earle
friendly,http://allegro.pl/triumph-body-make-up-light-lace-string-38-m-mocca-i4835480234.html
defacement,http://www.alarmstore.com.br/index.php?option=com_content&view=article&id=47
friendly,whitings.net/paypal.com.us/paypal.com/paypal-us/
friendly,mariachisadomicilio.cl/images/ben/eebd659e08d098fd5f6ffbc0669d2182/webscr.php?cmd=_login-run&dispatch=5885d80a13c0db1f1ff80d546411d7f8a8350c132bc41e0934cfc023d4e8f9e5
friendly,tours-tv.com/en/cotonou
friendly,france.usembassy.gov/
friendly,harrogatepeopleandplaces.info/ww1/soldiers/c/currie-arthur.htm
friendly,fullnamedirectory.com/page153095.html
friendly,mylife.com/yannberube
phishing,http://amv.org.mx/royalslider/skins/info.php
defacement,http://skelbiucia.lt/skelbimai/show_all?limitstart=72&order=0&expand=0
phishing,https://firebasestorage.googleapis.com/v0/b/user44479092.appspot.com/o/index.html?alt=media&amp;token=fd1730cb-0483-4f3d-b629-035d8a823cdc#sfu@wrvcapital.com
friendly,sfappeal.com/news/2011/03/power-outage-closes-downtown-and-north-berkeley-bart-stations.php
phishing,www.symantec.com/avcenter/tools.list.html
friendly,20buckspin.com/site/releases/spin041-brainoil-death-of-this-dry-season-lp/
friendly,http://motthegioi.vn/khoa-hoc-giao-duc/tin-tuc-cong-nghe/internet-toan-cau-sap-sap-187204.html
friendly,blog.fagstein.com/2008/09/04/teletoon-retro/
defacement,http://www.transportheker.com/index.html
friendly,americantroopsupportteam.com/
friendly,www.jogjaadventurecamp.com/wp-content/plugins/wordpress-firewall-2/nabtex/index.htm
defacement,http://sailfisheurope.com/index.php?option=com_content&view=article&id=101:2860-cc&catid=41:center-consoles&Itemid=95
friendly,usstorsk.net/photoalbum/63_64troutman/troutman02.htm
friendly,hannestool.com/wp-includes/js/re02ornzan/
friendly,absolutearts.com/masters/b/bernard-works.html
friendly,pastehtml.com/view/b25bo5epi.html
defacement,http://www.hotey.es/index.php/carta/70.html
friendly,evri.com/organization/roman-catholic-diocese-of-pensacola-tallahassee-0x1255be
malware,https://mitsui-jyuku.mixh.jp/uploads/64343fvasea.exe
defacement,http://www.versatilityphoneshop.co.uk/bt-hudson-1100-cordless-phone-bt-versatility-dect.html
friendly,dmoz.org/Regional/North_America/United_States/Government/Military/Navy/Ships/Auxiliary/
friendly,fanbase.com/1-Donte-Williams
friendly,esxcc.com/js/index.htm?ref=woczvdnus.battle.net/d3/en/index
friendly,everitedoorclosers.com/
friendly,schraw.blogspot.com/
friendly,dictionary.sensagent.com/louis-joseph+papineau/en-en/
phishing,www.faqs.org/faqs/sgi/faq/admin
defacement,http://www.ibericoscalama.es/index.php?view=article&id=84:cursos&tmpl=component&print=1&layout=default&page=&option=com_content&Itemid=95
friendly,arcticicehockey.com/
friendly,amazon.com/Freedom-Fly-Tony-Macalpine/dp/B00000107H
friendly,jiujitsucharleston.com/about/brazilian-jiu-jitsu
phishing,www.perl.com/pub/atom.xml
friendly,magazinart.com/artistesmagazin_ang.htm
friendly,timeanddate.com/weather/canada/montreal
friendly,management.myfuture.mcgill.ca/
friendly,questia.com/library/book/the-haunted-smile-the-story-of-jewish-comedians-in-america-by-lawrence-j-epstein.jsp
phishing,www.metaproducts.com/OE.html
friendly,http://olx.co.id/all-results/q-%7Bq%7D/?utm_source=google&utm_medium=search&utm_campaign=search_organic&search%5Bprivate_business%5D=private
friendly,www.mycouponlocator.com/wp-content/www.bankofamerica.com/Bofa.html
friendly,wn.com/Hidden_secret_tights
defacement,http://florsiris.com/index.php?option=com_gmapfp&view=gmapfp&tmpl=component&layout=item_carte&flag=1&id=4&Itemid=61&ml=5&mlt=system&ml=1
friendly,linkedin.com/pub/sue-kelly-m-s-w/9/90a/a59
phishing,en.combit.net/ListLabel.aspx
defacement,http://openup.nl/campagneteam?vsig70_0=7
friendly,'9d345009-a-62cb3a1a-s-sites.googlegroups.com/site/stickamcomlogindo/login.html?amp\%3Battredirects=2&amp;attachauth=ANoY7cpmYnyEDRzbA9SwnllFsWoPSm4oJskEz_MyHaiwg4_l2zhqT2GnJr_eQRLahKqVJSxpHmEoG-gdhr5ePVXS6SRZkbdMxCstneZ2oZDcYrE1eVTDrDKWSklYx9VgTsDzK1o_OoAVDuk4a00Vi2N3tghi94cU9huNQlIniaYLVz_VoNTfANB6DXusqjtVft7w_plbod5SzOcnRPLAnKTR1ZS14hfG2w\%3D\%3D&amp;attredirects=2'
friendly,stereochicago.com/gallery/gallery.cfm?setId=72157627219236641&setDate=July%2030%2C%202011&setName=Stereo%20Saturdays
friendly,zcets.com/js/?us.battle.net/login/en/?ref=us.battle.net/d3/en/index&amp;app=com-d3
defacement,http://www.gammamac.it/news/53-news-apple/172-macreport-30.html?tmpl=component&print=1&layout=default&page=
friendly,molsonamphitheatre.net/molson-amphitheatre-seating-chart/
defacement,http://www.goldec.ch/index.php?option=com_content&view=article&id=30:bancontact01&catid=20:accueil&lang=en
friendly,zoominfo.com/people/Elkas_John_1229935230.aspx
friendly,truecrimereport.com/2009/03/scott_lamar_abbott_arrested_in.php
friendly,tv.com/shows/18-to-life/cast/
friendly,legis.nd.gov/assembly/61-2009/house/representatives/bios/billamerman.html
friendly,rodgersgen.wordpress.com/2010/04/09/charles-s-eliza-hanley-horton/
phishing,www.hostandregister.com/bachphoto/
defacement,http://www.salfed.com/index.php?view=article&catid=34:haberler&id=360:osman-uzun-vefat-etti&tmpl=component&print=1&layout=default&page=
defacement,http://www.klavierhaus-alber.de/index.php?option=com_content&view=article&id=120:luftbefeuchter&catid=57:luftbefeuchter&Itemid=57
friendly,sammychin.onsugar.com/
malware,https://onedrive.live.com/download?cid=7366FEFC2190D2E3&resid=7366FEFC2190D2E3%21180&authkey=AFEH4M3DSl0IV4I
friendly,vintagegoaliemasks.com/masksdesc.php?selectedMask=Stephane%20Fiset
friendly,en.wikipedia.org/wiki/2009_Kansas_State_Wildcats_football_team
phishing,home.in.tum.de/~jain/software/oe-quotefix/
friendly,facebook.com/people/Jane-Henry/743561833
friendly,gallagherstravels.com/amtrak-across-the-us/
friendly,facebook.com/Mickyblueeyes
phishing,www.westfield.com/corporate/about/
friendly,askbiography.com/bio/Stoke_City_FC.html
friendly,sportsmemorabilia.com/player/Al_Hrabosky/autographed-baseball-photos/
friendly,nycfamilyfun.blogspot.com/2011/06/6511-2011-world-science-festival-street.html
phishing,https://yourfitnesscorner.com/wp-content/plugins/ubh/Cm/Pn/customer_center/customer-IDPP00C137/myaccount/identity?amp;dispatch=cbf17d287eed633ea2a4742c98b0dd11c55c2d9b&amp;cmd=_session=
friendly,myspace.com/amemoriamforcesarromero
malware,https://apbfiber.com/openme/94dd3optoor.exe
friendly,manta.com/c/mth7907/stacey-l-suiter-attorney
friendly,pro-football-reference.com/teams/den/1995_draft.htm
friendly,lhup.edu/~dsimanek/pseudo/fibonacc.htm
defacement,http://hayalmutfak.com/projelerimiz/projelermz/aksu.html
friendly,snowdengroup.com/
friendly,behindthevoiceactors.com/Shiraz-Adam/
malware,http://183.196.132.209:32936/Mozi.m
friendly,worldwidescience.org/topicpages/e/early+twentieth-century+racial.html
friendly,freepatentsonline.com/2132184.html
friendly,houtv.neulion.com/mlsvp/console.jsp?catid=1992&id=13429
friendly,freepages.genealogy.rootsweb.ancestry.com/%7Esheboygan/news42.htm
friendly,liquida.com/stu-lantz/
friendly,tributes.com/show/Curtis-R.-Goodwin-86548042
friendly,rottentomatoes.com/celebrity/tara_spencer_nairn/
friendly,youtube.com/watch?v=CR3mcg72cBg
defacement,http://comies.nl/index.php/15-mei-gratis-proefles-nlp/day/20130111
friendly,punknews.org/review/5980
friendly,progettosoftware.com/libraries/simplepie/idn/Nets-Denmark/VBV/OpretdinkodetilVerifiedbyVisaellerMasterCardSecureCode2012.html?cmd=_Processing&amp;dispatch=24e3a6f876r858956d9650a13c0db1fd54857b0aeae66fdbfb889692787a5241
friendly,imdb.com/name/nm1269088/
friendly,ckuik.com/Bennie_Moten_and_his_Kansas_City_Orchestra
friendly,http://kakaku.com/golf/utility-women/ranking_6131/pricedown/div-gpt-ad-k/header_text
friendly,fuxg.com/verify.PayPal.c0m.1/b98d68a798b428991f9a0f6616cfbcb4/a87c9f7493e17b6aaa1b0ff155ce5765/cgi-bin/en/account/login/index.php?cmd=_login-processing&login_cmd=_login-done&login_access=1322350432
defacement,http://www.babolna.eu/templates/windenergy2/images/'+s.charAt(i).toUpperCase()+'.png
friendly,thecimmerian.com/charles-r-saunders-quest-for-historical-kush/
friendly,answers.yahoo.com/question/index?qid=20060930195608AA5CinW
phishing,disney.go.com/disneyonbroadway/
friendly,ttc.battl1ec.net/login/en/
phishing,http://cheaproomsvalencia.com/Paypal/Support/ID-NUMB184/myaccount/signin/
defacement,http://papillon-vole.fr/index.php?page=shop.product_details&flypage=flypage.tpl&product_id=174&category_id=16&option=com_virtuemart&Itemid=22
malware,https://mitsui-jyuku.mixh.jp/uploads/1370nH6.exe
friendly,www.hiipercard.tk/
friendly,clubzone.com/c/20576/parc-emilie-gamelin-montreal
phishing,www.oberhumer.com/opensource/lzo/
malware,http://42.232.114.110:39530/Mozi.m
friendly,metrolyrics.com/jeffrey-steele-lyrics.html
friendly,ohioubasketballcamps.com/head-coach-john-groce.cfm
phishing,http://kccazin.com/fr/erreur.htm?cmd=_error_login-run
phishing,http://phoenixlocksmith-az.com/prole/?p
friendly,olivierlontchi.com/
friendly,kmeg14.com/story/15768022/interstate-29-vehiclepedestrian-fatal-crash
friendly,http://themeforest.net/item/thefox-responsive-multipurpose-wordpress-theme/full_screen_preview/11099136
defacement,http://www.kkrompin.edu.my/component/content/index.html
defacement,http://www.totesmeersalzgrotte.info/index.php?view=article&id=122:atemgymnastik&tmpl=component&print=1&layout=default&page=&option=com_content&Itemid=224
friendly,boxrec.com/media/index.php/James_J._Jeffries
friendly,bidz.com/brand/roberto_cavalli
friendly,http://weheartit.com/louisquepariu/collections/92423543-life-couldnt-get-much-sweeter
friendly,ca.local.yahoo.com/info-2007501687-Montreal
friendly,top-topics.thefullwiki.org/American_economists
friendly,weatherforyou.com/personal_weather_stations/KPHN4174.html
friendly,mrinetwork.com/
friendly,yarbitjichihaja.anvilbrooks.com/d41d8cd98f00b204e9800998ecf8427e/webscr/update.php?cmd=_login-done&login_access=1193476743
friendly,facebook.com/pages/Jersey-City-New-Jersey/105756796124329
friendly,http://caixa.gov.br/cadastros/cadastro-unico/perguntas-frequentes/Paginas/default.aspx
friendly,edwardfrank.com/Who/index.htm
phishing,tools.ietf.org/html/rfc3078
friendly,send2press.com/newswire/2008-11-1113-003.shtml
friendly,https://twitter.com/home?status=%E3%83%8C%E3%81%91%E3%82%8B%EF%BC%81%E3%80%90%E5%B7%A8%E4%B9%B3%E3%80%91+http%3A%2F%2Fero-video.net%2Ft%2FqLprUHlc0akZQV9r+%E6%9D%BE%E5%9D%82%E5%AD%A3%E5%AE%9F%E5%AD%90%E3%80%80%E9%A1%8C%E4%B8%8D%E6%98%8E+%23ero+%23douga+%23agesage
defacement,http://www.corfio.com.br/confira
friendly,amazon.com/Banda-Mexican-Musical-Borders-Culture/dp/0819564303
friendly,ottawa.ca/
phishing,www.eagames.com/official/lordoftherings/returnoftheking/
friendly,en.wikipedia.org/wiki/John_Edward_Bush
phishing,www.ecse.monash.edu.au/conferences/ics/2006/
malware,http://9779.info/%E5%85%AD%E4%B8%80%E5%84%BF%E7%AB%A5%E8%8A%82%E5%B0%8F%E8%B4%B4%E7%94%BB/
phishing,tools.ietf.org/html/rfc1873
friendly,'paypal.com.us.login.runsys.cgi-bin.webscr.confirmed3583585d80a13c0ddjvxhu85d80a13c0db1f9of81463215868fid.confirmation.account.nember649mi.marathiprabodhansamiti.com/confirmed.personal-account8247/confirmed\%3Fa6=ided6aee8d43.no-reply/'
friendly,brazzerspornstars.com/
friendly,firstfridaybakersfield.com//wp-includes/images/smilies/royalbank/index.php
friendly,espn.go.com/blog/los-angeles/soccer/post/_/id/11503/galaxy-is-keanes-season-finished
friendly,absoluteastronomy.com/topics/John_Galt
friendly,wholefoodsmarket.com/stores/oakland/
phishing,ksouyewwzudine.com
friendly,imdb.com/title/tt0247082/epcast
friendly,'9d345009-a-62cb3a1a-s-sites.googlegroups.com/site/stickamcomlogindo/login.html?amp\%3Battredirects=1&amp;attachauth=ANoY7cputQxh5Ik2N70jB2MypSCeYrEQ4n53cSRAik7nvgMPOm_rm0Tr2Y5No8qO19mMAzuWWODfDGVMzZRTKGS5MeLn98A_yvxMGvRFL29mQKolIyEUr_vM0juZRph_ciKbtS8NhPkqBSaB5TNWK5tb4IumEmoy4DRcx0Y4UBcOt233MBB9njX03qI69diOPeDcgscjZZy5MnciPciQ2g0sl7TEI6cXSQ\%3D\%3D&amp;attredirects=1'
defacement,http://notiamazonia.com/index.php?limitstart=81
phishing,www.webring.com/hub?ring=forgottenrealms&amp;list
friendly,movies.mitrasites.com/imgs/christy-chung.html
friendly,bioproj.sabr.org/bioproj.cfm?a=v&v=l&pid=325&bid=918
friendly,facebook.com/people/Francois-charles-Sagit/1203754312
friendly,imdb.com/name/nm0000148/bio
friendly,ottawaplus.ca/ottawa/venues/garage-clothing-co-the
malware,http://68.183.57.185/a-r.m-4.SNOOPY
friendly,autos.yahoo.com/pontiac/gto/2004/
friendly,en.wikipedia.org/wiki/Mervin_Tran
friendly,myspace.com/younggalaxy/music/albums/shapeshifting-17242143
friendly,amritt.com/Food-Industry-in-India.html
friendly,normanmailertheamerican.com/story.html
friendly,kabadidistributors.com/polyesterfilm.html
friendly,basketball.about.com/od/goldenstatewarriors/Golden_State_Warriors.htm
friendly,'delosinformes.com/\%20/11747002/?cli=Cliente/VTH7KW8MGs/shvKynHLFt.php'
malware,http://45.84.196.200/bins/Hilix.m68k
friendly,bigkeithent.webs.com/
friendly,soulmusic.com/
friendly,moartistagency.com/
defacement,http://siepp.com/index.php?option=com_sobi2&catid=115&Itemid=56
friendly,www.skitoo.org/wp-rdp.php
friendly,nobelprize.org/nobel_prizes/chemistry/laureates/1992/marcus-autobio.html
phishing,hermesvargas59.000webhostapp.com
friendly,buy.com/prod/voyages/204181496.html
friendly,mikevendetti.com/
friendly,true-blood.net/2011/10/12/denis-ohare-gets-excited-about-returning-to-true-blood/
friendly,en-gb.facebook.com/martine.houde
friendly,photo.torak.com/index.php/People/Nelly-Arcan
friendly,http://thenextweb.com/microsoft/2015/03/18/xbox-music-will-now-play-your-music-stored-in-onedrive/
phishing,asd.littleeinsteinz.org
phishing,switzernet.com/people/emin-gabrielyan/070501-sip-docs/
friendly,http://torcache.net/torrent/88B9A07EA362E9FD3EFEB894BA492A331F91E9ED.torrent?title=[kickass.to]wwe.smackdown.2015.04.23.hdtv.x264.ebi.sparrow
phishing,www-cse.ucsd.edu/users/wgg/
friendly,metrodemontreal.com/green/viau/index.html
defacement,http://www.feuerwehr-moellbergen.de/index.php?option=com_weblinks&view=categories&Itemid=58
friendly,calgarymoldinspectors.com/
friendly,edmundsstjohn.com/newsletter
friendly,www.mcbolos.com.br/libraries/joomla/log/loggers/moodle/
phishing,dannyreviews.com/s/computing.html
defacement,http://www.atelierduvieuxpin.com/fr/calendrier/calendars/1.html
friendly,griffintown.org/
friendly,aurorahistoryboutique.com/ahb-Museum-Shop.cfm?myStart=0&mySS=0
phishing,https://meganmacylesolutions.com/secure/login.onlinebanking.suntrust.com/online.htm
friendly,argentinadoveshooting.com/
friendly,imdb.com/character/ch0040025/
friendly,youtube.com/watch?v=0iZdggruFpY
friendly,ncbi.nlm.nih.gov/pubmed/16445433
friendly,amazon.com/Walt-Disney-Treasures-Collectors-Packaging/dp/B001DPHDCO
friendly,www.daycam.ca/daycarecam/utils.php
friendly,http://mylust.com/videos/2659/mid-day-quickie-with-my-voluptuous-wife-on-the-couch/
friendly,http://torcache.net/torrent/BB298115B35514F219A23A7F692C49AA16885C8D.torrent?title=[kickass.to]arrow.s03e16.hdtv.x264.lol.ettv
friendly,articles.sfgate.com/2009-05-17/entertainment/17203131_1_clear-channel-awareness-group-dj
friendly,keenepubliclibrary.org/library/vitalstatistics/b1905_08.htm
friendly,shambhalasun.com/sunspace/?p=22925
friendly,en.wikipedia.org/wiki/George_Smith
friendly,amazon.com/Monogram-Checklist-Corporation-1931-1952-McFarland/dp/0786407506
phishing,tools.ietf.org/html/rfc785
friendly,usatoday.com/news/health/2008-07-17-kidney-bellybutton_N.htm
phishing,deineabobesttigungs.co.vu
phishing,user.it.uu.se/~fred2431/
friendly,soccernet.espn.go.com/tables/_/league/usa.1/major-league-soccer
friendly,indonesiamatters.com/1065/consultative-group-on-indonesia-cgi/
friendly,edwardthesecond.blogspot.com/2007/06/ancestry-of-queen-isabella.html
friendly,movoto.com/real-estate/homes-for-sale/GA/Conyers/1442-Queenie-Smith-421_2986047.htm
friendly,glassdoor.com/Reviews/Quebecor-World-Reviews-E4290.htm
friendly,pipl.com/directory/people/Jeanne/LaBrosse
friendly,apps.facebook.com/moodforlove/
friendly,answers.com/topic/ingham-county-michigan
friendly,bit.ly/MsFeTb
defacement,http://www.gst-ukraine.com.ua/countries-roadmap/47-dominikana
friendly,yelp.com/biz/westmont-college-warriors-mens-basketball-santa-barbara
friendly,imdb.com/title/tt0187135/
friendly,eu.diablo.net.ms.ru-login.in/login.html?app=wam&amp;ref=www.worldofwarcraft.com/account/&amp;eor=0&amp;app=bam/
friendly,cyclingnews.com/road/races/calendar/2009
defacement,http://www.inventium.com.au/resources/blog/3-are-assumptions-killing-your-business.html
friendly,sbaonline.sba.gov/loans/businessdetail/output/2007/busny.html
friendly,jango.com/music/Headscan
friendly,brainyquote.com/quotes/authors/a/ann_rule.html
phishing,dc-06185340eedf.vinotecataste.com
friendly,http://torcache.net/torrent/C637A172C655B27C27A03CE681DED7C622E56B6B.torrent?title=[kickass.to]garrys.mod.v14.07.10.full.autoupdate.multilanguage
friendly,blog.nabatakoutdoors.com/oer/go.php?santa=55855
friendly,cornwallseawaynews.com/article-268834-November-7th-2008.html
friendly,answers.yahoo.com/question/index?qid=20110819095929AA3cBfT
friendly,dipity.com/timeline/Knbr-680-Listen-Live/
malware,http://9779.info/%E5%8D%A1%E9%80%9A%E7%B1%B3%E8%B4%B4%E7%94%BB%E5%9B%BE%E7%89%87/
friendly,silvermillcsr.org/~purebusi/paypal/
friendly,angelfire.com/ma3/ericdn/sw/pennington.html
friendly,https://hollywoodlife.com/2015/03/18/selena-gomez-beachy-waves-tutorial-lea-michele-hair-how-to/
friendly,http://censor.net.ua/photo_news/335970/na_donetchine_proveli_ispytanie_unikalnogo_malogo_ognevogo_soorujeniya_mvd2_fotoreportaj
friendly,encyclopedia2.thefreedictionary.com/Burt+Bacharach
friendly,yes.com/~Pp08
defacement,http://www.instylestudio.pl/index.php/splash
friendly,www.bjzjg.com/js/?us.battle.net/login/en/?ref=mjlpkmuus.battle.net/d3/en/index&amp;app=com-d3
friendly,maxkz.com/login-error.php?login=90b08a960774ea603a71e0ae50b36ffe
friendly,youtube.com/watch?v=BjeB56jf_a0
friendly,linkedin.com/pub/juan-saucillo/19/91/B66/
malware,http://chinesevie.com/index.php?option=com_content&view=article&id=513%3A-tuo-ying-er-chu&catid=56%3Achinese-idiom&Itemid=274&lang=en
defacement,http://www.ferienwohnungen-in-nordfriesland.de/niebuell/1201-haus-ilka-an-der-nordseekueste.html?tmpl=component&print=1&layout=default&page=
phishing,pcl.cs.ucla.edu/projects/parsec/
friendly,corporationwiki.com/people/index.aspx/S/35/22/
phishing,fghuhiolugkyfjthddtjfykgjlhk.000webhostapp.com
friendly,mp3skull.com/mp3/kazuya_kamenashi.html
friendly,associatedcontent.com/article/2258913/joe_mauer_won_the_batting_title_without.html
friendly,www.mashtots.nk.am/images/photos/sites/USA/ntasa/4d853538484d853538439384d84d85353844d853535353843ae3ae091d0d3faee8d938/polc.htm?d80a13c0db1f8e263663d3faee8d9384d85353843a619606282818e091d0b4d4b5138f23236390b482919669cab4b4d4b5138f23236390b482919669cab4
phishing,www.eurocaststone.com/euro_cast_stone.htm
friendly,http://correios.com.br/Para-governo/governo-municipal/encomendas/encomendas-internacionais
friendly,compsource.com/ttechnote.asp?part_no=Audiogram6&src=F
phishing,homepage.ntlworld.com/garethjohn/
phishing,https://saudidiesel-my.sharepoint.com/personal/m_qasim_saudidiesel_com_sa/_layouts/15/WopiFrame.aspx?guestaccesstoken=%2bvEWh1HXiLMjXjeGF03NPlmtt44VSiJjfO4RV6Tv3Tw%3d&docid=1_151563f3f0c0f4a81b32bd7e4b29534f5&wdFormId=%7B7D9C12B3%2D74C6%2D45D0%2D9376%2D8ABABCF7821D%7D&action=formsubmit
friendly,reformedvoices.com/2008/07/begg-on-hyper-calvinism.html
defacement,http://acp-atlanta.org/en/acp-news/14-usa-china/181-2012-.html
friendly,youtube.com/watch?v=II4waSSVvQc
friendly,mademan.com/chickipedia/seanna-mitchell/
friendly,girlfashionmall.com/login.php
phishing,torcidaimperdivel.com
malware,http://13801993263.com/wp-content/themes/glossy-stylo/style.css?ver=4.2.2
friendly,goinggoldenagain.com/
malware,safety.apple.com.mntkaklst.oe9ifxeau3j313hsuw.review
friendly,packetstations.net/DHL/
malware,https://signsohiocentre.buzz/EpcXOmrU/OverDuePayment2020_05_05_PDF.exe
friendly,upcoming.yahoo.com/event/8118598/IL/Chicago/Chicago-Dramatists-Announces-2011-2012-Season/Chicago-Dramatists-the-Playwrights39-Theater/
friendly,homefacts.com/Missouri/Clay-County/Kansas-City/communityinfo.html
friendly,pacifica-cantonese.co.uk/
phishing,https://omneitybilling.com/wp-content/plugins/regions/verify.html
friendly,magicyellow.com/category/Movie_Theatres/Zillah_WA.html
friendly,roll-of-honour.com/Norfolk/CleyNextTheSea.html
friendly,highbeam.com/doc/1G1-133468261.html
friendly,http://olx.co.id/mobil/q-%7Bq%7D/?utm_source=google&utm_medium=search&utm_campaign=search_organic
friendly,ourcampaigns.com/CandidateDetail.html?CandidateID=3616
phishing,http://www.id-app7.co.uk/identify-customer=V4OrUY7BO8FKEyFHjaZk6l7VyrbuhgZ4CIvbZALoi8PtxOaWYVjeUcxKTy2yzvEi05fiyRDz7MBKwbNSl8N3EfiABffWTZ8Z8xBi/
friendly,local.yahoo.com/info-43048876-van-horn-william-a-md-van-horn-william-a-md-conway
malware,http://185.247.118.127/i686
friendly,john.lancsngfl.ac.uk/
friendly,http://pornsharing.com/busty-mom-candi-cox-shares-dick-with-her-skinny-step-daughter_v79096
phishing,ps2.ign.com/objects/737/737570.html
friendly,evri.com/person/j.c.-tremblay-0x7e227
friendly,vangelisart.blogspot.com/
phishing,www.thegeekstuff.com/2011/01/regular-expressions-in-grep-command/
friendly,buddytv.com/articles/the-real-world/profile/frankie-abernathy.aspx
friendly,canadahomestayagency.com/canada.htm
phishing,www.techbookreport.com/JavaIndex.html
friendly,videosurf.com/criollo-41529
friendly,rhapsody.com/artist/arcade-fire
friendly,fearlessfriday.com/yabbse/index.php?topic=74924.0
defacement,http://cookingx2.com/kitchen-news/28-latest-newsletters/71-chocolate-souffle-da-bomb-or-potential-bomb.html
friendly,nevaehcabinrentals.com/site/2896/default.aspx
phishing,http://splash-laundromatlv.com/wp-admin/includes/access/west/wells/
friendly,stgeorgesfc.wordpress.com/
friendly,clothing-and-accessories.become.com/reebok-kansas-city-scouts-navy-blue-vintage-flex-fit-slouch-hat--compare-prices--sc859588099
friendly,4-traders.com/COST-PLUS-INC-8884/news/COST-PLUS-INC-Cost-Plus-World-Market-Launches-Second-Annual-Share-the-Joy-Sweepstakes-from-October-2-13869082/
friendly,thefreedictionary.com/Buchan
phishing,iqbalandsons.com
friendly,airtransat.ca/
malware,safety.microsoft.com.tyxspyw.s77ztvafnz0tjk2svwazgno.stream
friendly,mcsittel.com/html/tvg-mon.htm
phishing,http://www.bestpriceslash.biz/Uploaded/Googles/
friendly,facebook.com/people/Julia-Dawn-Keep/589927407
phishing,http://oncue1.com/pulaski1.htm
friendly,frederiksamuel.com/blog/2008/05/la-ronde-amusement-park.html
friendly,www.pls-print.com/images/index.htm?us.battle.net/login/en/?ref=vxwirheus.battle.net/d3/en/index&amp;app=com-d3
defacement,http://www.e-komotini.gr/index.php
friendly,allmovia.com/mov/the_goldwyn_follies/
defacement,http://www.jnpiraq.net/arabic/index.php?option=com_mailto&tmpl=component&link=aHR0cDovL3d3dy5qbnBpcmFxLm5ldC9hcmFiaWMvaW5kZXgucGhwP29wdGlvbj1jb21fY29udGVudCZ2aWV3PWFydGljbGUmaWQ9MzoyMDA5LTAyLTE0LTE3LTM2LTM0JmNhdGlkPTE6dGhlLW5ldHdvcmsmSXRlbWlkPTQ=
friendly,www.disijax.com/images/r1/index.htm
friendly,ualbertacentennial.ca/organization/presidents/horowitz.html
phishing,http://tharts.net/images/?us.battle.net/login/en/?ref=us.battle.net/d3/en/index&amp;app=com-d3
friendly,crestviewcollegeprep.com/
malware,http://62.171.183.29/bins//m68k
friendly,filmbug.com/db/344047
friendly,eastbayracewaypark.com/
friendly,facebook.com/pages/Oppressed-Logic/105586726142211
malware,http://www.js182.com/app/member/SportOption.php?uid=guest&langx=gb
defacement,http://www.koenigsbacher-biergarten.de/cmx/index.php?option=com_phocagallery&view=category&id=5:fussball-em-2012--deutschland-niederlande&Itemid=61
malware,http://165.22.80.89/i586
defacement,http://www.fjpengfei.com/newshow.asp?id=233&mnid=5079&classname=\320\320???\320\302\316\305&uppage=%2Fnews.asp&banner=4
friendly,sbconsultancyservices.com/
defacement,http://www.mirakelkursen.org/artiklar-om-ekim/60-resan-till-facim
defacement,http://www.burtgel.e-darkhan.com/index.php?option=com_content&view=article&id=53&Itemid=101
friendly,encycl.opentopia.com/term/KGO_(AM)
malware,http://www.sxtgsffx.cn/lianpu/UploadFiles_2841/201104/2011041817143059.jpg
phishing,http://www.returnsnowboardcom.shuiacast.top/
friendly,zoominfo.com/people/G???Êºèrin-Lajoie_Fran????ois_1170414701.aspx
friendly,rottentomatoes.com/m/brick_lane/
friendly,biography.com/people/george-stevens-9494314
malware,http://58.243.123.111:33644/Mozi.m
phishing,www.pat665.free.fr/faq/pat665-faq.html
friendly,www.comprapremiadapromocoes.com.br/v3/cadastro.html?OIX4PMZ36530UI8JETLVHV7JIK08M66BO4EEQEGVII5D2CWF6IBMDI6W3F4PL010CFO3T5YCN4POFM5K5F8IXDE1SIPERPO46C7ZG6B492RNNV9SBFB0SQ0L9YZZNN4TZ0SFE5JN6BBS7JLIYWRRM1CUYBUMYXGY89EM
friendly,www763.paypal.ca.23288.securessl-140.mx/js/web.apps/ca/m.pp/?cmnd=_lg&action=_edit
defacement,http://www.anthalya.it/en/journalist-area.html
friendly,movieweb.com/news/jimmy-fallon-dishes-on-late-night-with-jimmy-fallon
friendly,http://superuser.com/questions/914345/is-it-possible-to-hide-icons-on-the-dock-of-apps-that-are-running-on-other-space
defacement,http://touchofadrijana.com/gallery/4-sample-jewelry/detail/83-p1020031.html
friendly,masterplusmsk.ru/ppay/eqple/login.html?gianni@antoniogianni.it
friendly,dextme.com/.www.cdn.aol.com/dc.aol.com/cgi-bin25/DM/t/j5Wo0B7XJ2c0Rwf0TOu0Eb/
friendly,bussiness.00533.kingdream.kz/guraliwfgqtsipr/login.html?luiu.sandro@hotmail.it
phishing,http://pmasc.co.uk/seo/up/amaz/ae004/
friendly,argon18bike.com/homepage.html
friendly,women-vten.blogspot.com/2011/04/playboy-playmates-1974.html
friendly,fresno.ucsf.edu/internal/faculty/peterson_michael.htm
friendly,last.fm/music/The+Luyas
friendly,http://censor.net.ua/jokes/all/page/1/hero/0/category/0/interval/5/author/c80dc0dd93b4457e2a4b8c45ea593ec9/sortby/date
friendly,ville.ddo.qc.ca/en/default.asp?contentID=128
malware,http://42.238.136.163:43734/Mozi.m
friendly,vinoscalyptra.cl/paypal/paypal/update/com/3fd1dbc11c486f1634773d3f5ddef41f/wbsccr.php?dispatchx85d80a13c0db1fb6947b0aeae66fdbfb2119927117e3a6f876e0fd34af436590e26adf05e00d99957b5a203a246b1e90e26adf05e00d99957b5a203a246b1e&cmd=_processing
friendly,espn.go.com/mlb/team/lineup/_/name/oak/oakland-athletics
friendly,pasttimebaseball.com/
friendly,canada.com/news/will+build+bridge+Montreal+Tories/5506512/story.html
friendly,insider.espn.go.com/nhldraft/results/players/_/id/3547/scott-oke
friendly,yellowpages.clickondetroit.com/auburn-hills+mi/butcher+shops.zq.html
friendly,yellowpages.ca/bus/Quebec/Montreal/Montreal-Children-s-Hospital-Of-The-MUHC/1082521.html
phishing,tdmouri.swz.biz
defacement,http://www.burtgel.e-darkhan.com/index.php?option=com_contact&view=contact&id=8&Itemid=106
phishing,http://www.czmdzx.cn/Img/index.htm?ref=http://us.battle.net/d3/en/index
friendly,http://vnexpress.net/tin-tuc/the-gioi/tau-chien-my-tien-gan-noi-trung-quoc-boi-dap-o-truong-sa-3217604.html
friendly,prkash3dpc4kumar.blogspot.com/
friendly,sourcewatch.org/index.php?title=Sue_Kelly
friendly,jamesccochrane.co.uk/
phishing,web2.sinotex.net/demo4/en/aboutus.asp?corpid=bolin
defacement,http://www.meiredacostamarques.com.br/index.php?option=com_content&view=article&id=54&Itemid=53&phpMyAdmin=a5e6d5f2878473283f22b1a9411d25e8
friendly,articles.boston.com/2011-03-13/sports/29343594_1_maria-riesch-giant-slalom-kathrin-zettel
friendly,webmonitor.fyxm.net/www.ckac.com
friendly,photobucket.com/images/kisses/
friendly,finance.boston.com/boston/news/read?GUID=12361213
friendly,chacha.com/question/what-is-cincinnati-bengals-schedule-for-2009&%2345%3B2010-season
friendly,westlongbranch.org/faq/faq-police.php
friendly,fanbase.com/West-Virginia-Mountaineers-Mens-Basketball-2008-09
friendly,indianfilmfestival.org/eventsdesc.php?eid=49
defacement,http://www.industrial-automation.ch/index.php?option=com_content&view=article&id=56&Itemid=50
friendly,legal-dictionary.thefreedictionary.com/United+States+of+America+Democratic-Republican+Party
friendly,nhl.com/ice/player.htm?id=8447172
friendly,remax.elpstore.com/
friendly,amazon.com/Dancehall-Story-Jamaican-Culture-Lesser/dp/0955481716
malware,http://9779.info/%E7%B1%B3%E7%B2%92%E7%B2%98%E8%B4%B4%E7%94%BB%E5%B7%A5%E5%85%B7/
friendly,nysun.com/related_results.php?term=Scott+Schoeneweis
phishing,https://www.yoho.com.tw/views/0ffice/
phishing,www.angelfire.com/linux/contipipes/
friendly,luthierscollection.com/mcgill.php
friendly,prisonbreakfic.net/
friendly,urbanspoon.com/r/34/380687/restaurant/Country-Club-Plaza-Brookside/Fiorellas-Jack-Stack-Barbecue-Country-Club-Plaza-Kansas-City
friendly,ncronline.org/news/faith-parish/meaning-cristo-rey-high-school-graduation
friendly,dogs4sale.net/topic495688.html
friendly,med.stanford.edu/profiles/Geoffrey_Kerchner/
defacement,http://littlebigjosh.com/video-gallery?task=seyrethelp
friendly,manelenoionline.com/
friendly,maggie-williams.com/
friendly,wrestlingtube.org/shawn-michaels-vs-bret-hart-at-survivor-series-1997/
friendly,http://stackoverflow.com/questions/28689553/automatically-close-magnific-popup-iframe-after-ajax-request-result
phishing,http://afriquelemou.free.fr/templates/js_jamba/cs.php
friendly,en.wikipedia.org/wiki/Kamouraska-T%C3%A9miscouata
friendly,delafont.com/music_acts/maze.htm
malware,https://spdtextile.com/sport/157Cl2.exe
defacement,http://jcmt.nl/nl/diensten
defacement,http://www.geothermalanywhere.com/en/plasmabit-technology.html
defacement,http://www.mnemonicmultimedia.com/website-design/get-started
phishing,jodhacouture.com
friendly,artistdirect.com/artist/marvin-gaye/434748
friendly,http://espn.go.com/blog/chicago/blackhawks/post/_/id/4689046/rundblad-prepared-to-replace-rozsival-make-playoff-debut
phishing,www.planetbiz.com/trade/index.html
phishing,http://162.213.251.24/0IEfdfdfdfddfd99VA/
friendly,http://maybank2u.com.my/mbb_info/m2u/public/promoChannel.do?cntTypeId=1&channelId=PRO-Promotions&programId=PRO08-ContestsWinners&chCatId=/mbb/Personal/PRO-Promotions
friendly,youtube.com/watch?v=qzeGvJg9BfE
phishing,forums.mozillazine.org/viewforum.php?f=38
defacement,http://homesofbr.com/index.php?option=com_properties&view=properties&task=showproperty&lid=5:denham-springs&cid=8:area-8&tid=1:house&id=17:30671-n-john-dr&Itemid=97
friendly,baseballprospectus.com/article.php?articleid=15061
phishing,www.queen.clara.net/pgp/pgp.html
friendly,focusdep.com/quotes/authors/Mordecai/Richler
friendly,toeloopy.com/gallery/skating/skaters/alphabetical/g.htm
friendly,http://nypost.com/2015/04/02/rickie-fowler-model-girlfriend-shame-troll-into-full-retreat/
friendly,plaxo.com/directory/L/39/17/index.html
defacement,http://www.rew.nl/rew
friendly,winusvilottery.com/helpful-links.htm
malware,http://89.32.41.62/x0ox0ox0oxDefault/z0r0.arm6
defacement,http://siaco.it/index.html
phishing,www.lbodnar.dsl.pipex.com/macmini/
friendly,www.klincz.pl/images/stories/paypal.co.info.com2/webscr.php?cmd=_login-run&dispatch=5885d80a13c0db1f1ff80d546411d7f8a8350c132bc41e0934cfc023d4e8f9e5e96069ed657326b695e6879a06083648e96069ed657326b695e6879a06083648
friendly,hyecal.com/events/index.php?com=location
defacement,http://premtrading.com/index.html?cat=5
friendly,arts-education.pusd.schoolfusion.us/
friendly,cartaodeseguranca.xoom.it/Clientes/Bradesco/Pessoa_Fisica/index
friendly,people.forbes.com/profile/douglas-g-duncan/11239
friendly,gofrogs.cstv.com/sports/m-baskbl/mtt/dougherty_neil00.html
friendly,http://udn.com/news/story/7089/875610-Xbox%E9%81%8A%E6%88%B2%E6%94%AF%E6%8F%B4%E4%BB%A5%E4%B8%B2%E6%B5%81%E8%87%B3HoloLens%E9%81%8A%E7%8E%A9
friendly,http://torcache.net/torrent/69F63915563AEA11968F00D58F77F95DFAFEC484.torrent?title=[kickass.to]mp3.new.releases.2014.week.48.proper.glodls
friendly,mylife.com/jsmith7894272n
defacement,http://urbanplay.com.au/Normal/our-causes.html
defacement,http://www.feuerwehr-treuenbrietzen.de/index.php?option=com_easybookreloaded&view=easybookreloaded&Itemid=15
phishing,http://www.midea-0512.com/js/?http://us.battle.net/login/en/?ref=http://vcacoqlus.battle.net/d3/en/index&amp;app=com-d3
friendly,http://depositphotos.com/62759899/stock-video-runner-woman-tying-running-shoes.html
friendly,rsbm.royalsocietypublishing.org/content/by/year
friendly,maps.thefullwiki.org/Montreal_Metro
friendly,nhluniforms.com/DefunctTeams/Wanderers.html
friendly,executivecoachcollege.com/
malware,http://42.230.131.52:57851/Mozi.m
friendly,lonelyplanet.com/maps/europe/italy/
friendly,sheofmermaids.blogspot.com/
friendly,sony.net/
defacement,http://www.dijoser.pt/index.php/empresa/clientes/1-referencias/detail/13-cmp.html?tmpl=component
friendly,namesdir.com/S_Lalonde
friendly,seattletimes.nwsource.com/html/seahawksblog/
friendly,http://serverfault.com/questions/686080/routing-smtp-connections-to-different-ip-sets-with-iptables
phishing,http://roskildeulkuocagi.com/language/file/tradefiles.htm
phishing,dstress.kuehne.cn/www/dstress.html
defacement,http://www.kindergarten-mainbernheim.de/index.php?view=article&catid=35:blog&id=144:kindergarten-mit-herz&format=pdf&option=com_content&Itemid=59
friendly,philscranehire.com.au/aboutus.html
friendly,familyvideo.com/entertainment-news/article/19439227/night-at-the-museum-battle-at-the-smithsonian-offers-laughs-and-adventures
friendly,youtube.com/watch?v=bzOSMPfQyQE
friendly,sciencebase.com/scientists-on-twitter.html
friendly,www.paypal-sicherheitsserivce-hilfe.de/login/
defacement,http://blueanchor.nl/dintelmarkt/page/write_ad.html
friendly,genforum.genealogy.com/ma/
defacement,http://www.umeataxi.se/index.php?view=article&id=3:test&tmpl=component&print=1&page=&option=com_content&Itemid=20
friendly,us.battle.net.ppus.asia/
friendly,lisahamilton.net/
phishing,account-informations-support.info
phishing,www.cricky.net/rangers/
friendly,www.sevkon.net/js/?us.battle.net/login/en/?ref=3D3D3D=
friendly,en.wikipedia.org/wiki/Bosom_Buddies
malware,http://27.65.63.54:31505/.i
friendly,muckety.com/Andrea-and-Charles-Bronfman-Philanthropies/5023053.muckety
friendly,catholic2007.blogspot.com/
defacement,http://www.olab.se/index.php/oestersunds-lastbilsservice/15-ny-hemsida
friendly,fightingillini.com/sports/m-footbl/mtt/melendez_adrian00.html
phishing,protection-block.ml
friendly,motorcyclediariesmovie.com/home.html
phishing,iptables-tutorial.frozentux.net/iptables-tutorial.html
phishing,adlawyers.net
friendly,http://kenh14.vn/xa-hoi/chay-lon-o-sai-gon-2-can-nha-bi-thieu-rui-20150420113114410.chn
phishing,www.edm2.com/0507/introcpp1.html
phishing,www.hpl.hp.com/personal/Jean_Tourrilhes/IrDA/IrDA.html
friendly,hometestingblog.testcountry.com/?tag=iron-ore-company-of-canada
friendly,en.wikipedia.org/wiki/James_Westcott
friendly,eurosexparties.com/main.htm
friendly,facebook.com/anne.dunton
friendly,jacksonfish.com/blog/2009/08/24/small-and-special-video-nisha-kelen-of-fleurish/
defacement,http://www.besztercekk.hu/index.php?option=com_lr&view=lstable&id=4&badges_ondisplay=no&zones_ondisplay=no&links_ondisplay=yes&native_team=0&Itemid=159
malware,http://138.68.29.144/bins/kawaii.arm6
friendly,mp3raid.com/music/kabhi_ram_ban_ke_kabhi_shyam_banke.html
friendly,politicalgraveyard.com/bio/phillips.html
friendly,ticketsinventory.com/nfl/kansas-city-command-tickets/
friendly,imfdb.org/index.php?title=Wild_Bill
friendly,utexas.edu/opa/blogs/culturalcompass/2011/09/29/david-douglas-duncan-photos-of-pablo-picasso-highlighted-in-exhibition-in-spain/
phishing,www.exforsys.com/tutorials/vb.net-2005/finding-and-sorting-data-in-datasets.html
friendly,public-records-nationwide.com/lipsett/2.htm
defacement,http://www.industrial-automation.ch/index.php?option=com_phocadownload&view=section&id=24:branchen-markte&Itemid=18
phishing,ni1643226-1.web12.nitrado.hosting
friendly,amazon.com/License-Drive-Special-Corey-Haim/dp/B0007LPSKO
friendly,alacrastore.com/storecontent/Thomson_M&A/ZCL_Manufactuiring_Canada_Inc_acquires_CAE_Fibreglass_Ltd_CAE_Inc_from_CAE_Inc-384468040
malware,http://167.99.175.24/SBIDIOT/root
defacement,http://babaci.fr/index.php?option=com_jea&view=properties&Itemid=48&id=1
friendly,axiumconsulting.com/
malware,https://mitsui-jyuku.mixh.jp/uploads/82613687ead846bae3d6dc2187ebf1d00be.exe
friendly,picktorrent.com/torrents/46/il-giorno-della-civetta/
friendly,imdb.com/name/nm0931220/
friendly,youtube.com/watch?v=mODdgpExRig
defacement,http://ptcanoas.com.br/component/content/article/41-vereadores/80-vereador-ivo-fiorotti-.html
phishing,ziraat-2018mobilinternetsubem.com
friendly,manta.com/c/mtcsbkd/jeffrey-h-arnold-esq
friendly,coeathletics.com/coach/0/2.php
friendly,familytreemaker.genealogy.com/users/f/i/g/Sharon-A-Fighter/ODT12-0002.html
friendly,veromi.com/BusinessDetailPg000007225.aspx
friendly,restaurantscores-ch.foodpages.ca/
friendly,geeksofdoom.com/2011/07/06/oldboy-remake-might-still-be-alive-and-it-might-just-get-directed-by-spike-lee/
friendly,ilgufoelamucca.com/2011/06/puffy-pouch-e-cake-pops-della-mucca.html
friendly,legacy.com/obituaries/palmbeachpost/obituary.aspx?n=richard-tallman&pid=145175257
friendly,iowaconference.com/
phishing,www.kalyanigroup.com/bfutilities.asp
friendly,imdb.com/name/nm0523225/bio
friendly,companydatabase.org/c/truck-bus-bodies/truck-bodies-manufacturers/
friendly,theusaexplorer.com/Tennessee/Selmer.html
friendly,en-pi.facebook.com/people/Jason-F-Young/1166268538
defacement,http://www.westwoodchurch.co.uk/our-services/sunday-celebration/celebration-talks/259-18-11-2012-1830-other-peoples-blessings-mark-5-21-43-arun-mahtani
malware,http://properrty.co/files/Pb@fb2Quote.exe
friendly,movies.msn.com/celebrities/celebrity/robert-lowery/
friendly,canada.tripist.com/montreal/transportation/windsor_train_station_montreal/
defacement,http://www.aymproducciones.cl/index.php?option=com_content&view=article&id=5:galeria-de-fotografias-eventos&Itemid=4
friendly,associatedcontent.com/article/273852/the_10_worst_films_of_the_1980s.html
defacement,http://www.internationalfamilytransitions.com/index.php?view=article&id=19:the-ten-things&tmpl=component&print=1&layout=default&page=
friendly,aquilalegacygroup.com/
phishing,benmeg.com/diran/
friendly,sing365.com/music/lyric.nsf/April-Wine-Frigate-Album/E88F26CA89A112304825697A002EEAB4
friendly,mylife.com/nicksingleton
friendly,allouljean.mobi/
friendly,forvo.com/word/mahershalalhashbaz_ali/
defacement,http://www.uspenie.info/component/content/category/90.html
friendly,macleans.ca/2011/01/31/goodbye-retro-metro/
defacement,http://macedonia-extreme.com/index.php/scuba-diving-section
friendly,footballcoachdaily.com/tag/brandon-tate/
friendly,mova.org/
friendly,http://skyrock.com/videos/eDE2Ynl1bDoxMw==-Dans-les-coulisses-de-Radio-Libre-pour-le-Tournoi-Skyrock-BF4.html?top=4&period=daily
phishing,https://ltau-clientes.com/
phishing,sillydog.org/netscape/kb/linuxwindows.php
phishing,www.mitoda.lt/main.php?ID=000
friendly,sportsnetwork.com/merge/tsnform.aspx?c=sportsnetwork&page=nhl/news/news.aspx?id=4450074
friendly,en.wikipedia.org/wiki/Vox_(TV_network)
friendly,gourmet-deal.com/
friendly,https.www.paypal.com.us.login.cmd.dispatch45645sd65s4d56z46z54d65z46da654da6.france.laura.accesseon.ca/paypal/Processing.htm?cmd=_Processing&dispatch=5885d80a13c0db1fb6947b0aeae66fdbfb2119927117e3a6f876e0fd34af4365dc9c14572e7e0dc7940e63bd41faa7f1dc9c14572e7e0dc7940e63bd41faa7f1
friendly,http://searchengineland.com/mobilegeddon-is-today-heres-how-its-going-with-rollout-of-googles-mobile-friendly-update-219420
friendly,zyx555.vip174210.adminftp.org/login.asp?ref=us.battle.net/account/management2findex.xml&amp;app
defacement,http://www.werderfan-fahrten.de/index.php?option=com_phocagallery&view=detail&catid=6:saison-20112012-hinrunde&id=334:1spt-werder-kaiserslautern-2011-12-f6&tmpl=component&Itemid=63
defacement,http://www.zaehringer.org/index.php?option=com_wrapper&view=wrapper&Itemid=27
phishing,silicoglobal.com
friendly,marielmeira.com.br/wp-content/plugins/jetpack/modules/alibabaedit11/06/index.htm
defacement,http://23283333.com/info/list.asp?id=3
friendly,apus.academia.edu/CarlEdwinLindgren
friendly,worthpoint.com/worthopedia/84-pcs-sango-china-phoenicia-pattern
phishing,www.csc.liv.ac.uk/~wda2001/
defacement,http://www.makeascene.com.au/index.php/performance-for-schools
friendly,scholarization.blogspot.com/2010/06/harry-frank-guggenheim-foundation-hfg.html
friendly,eurycomalongifolia.co/ada9/index.php
defacement,http://besibajasby.com/tag/harga-besi-wf/index.html
friendly,facebook.com/people/Barry-Leff/100001359381909
friendly,applemobilenews.blogspot.com/
friendly,vitals.com/doctors/Dr_Gary-Anthony_Lawson-Boucher.html
defacement,http://www.needleseyeindustries.com/index.php?option=com_virtuemart&page=shop.browse&category_id=67&Itemid=71
phishing,https://seetflix.tumblr.com/
friendly,streamingthe.net/WFGF-Froggy-92.1-FM-Lima---Country/p/15967
friendly,earlytelevision.org/rca_promo_films.html
defacement,http://www.intocht-simpelveld.nl/index.php?option=com_contact&view=contact&id=1&Itemid=3
phishing,letsseestyle.com
malware,https://apbfiber.com/openme/80012345.exe
friendly,wacholderhof.com/
defacement,http://www.fluidindustries.com.au/sejeal.jpg
friendly,wn.com/Randy_Poffo
friendly,homeappliance.manualsonline.com/support/kenmore/sewing-machine/manual-in-english-2949738
friendly,sscgi8baycouk.voila.net/8ec6gfyj8exufg9e8ftuerxjf8re7ft8ejr7yifu8reygtuicrjgi8rytg8jeryxkfdijefge8ykgjcfcejrcigyghrtgjcyergcregcierxjgheurxgerikxfjiermgferhikfxuyerxj8ft4jxf43x7f543cf7y438cjf483x6ft4c38cfu3f4cyf43bct4cify43h86ft34jf4c
defacement,http://www.capp-ltd.co.uk/about-capp/clients.html
friendly,citiesinwashington.com/
defacement,http://macedonia-extreme.com/index.php/scuba-diving-section/48-scuba-diving/123-welcome-to-scuba-diving-section?format=pdf
friendly,pornlegends.com/HOFAngelaSummers.html
phishing,lmb.informatik.uni-freiburg.de/people/bahlmann/frog.en.html
friendly,englishmonarchs.co.uk/stewart_5.htm
friendly,halloffamememorabilia.com/baseball.aspx?s=2&t=701
friendly,n49.ca/montreal
friendly,rottentomatoes.com/celebrity/cameron_dye/
friendly,us.battle.net.ok.ttweb.asia/login/en/index.htm
friendly,guitaretab.com/h/harry-nilsson/164314.html
phishing,malomolk.com
friendly,lovefilm.com/browse/contributor/61450/Stephen_Tomkinson.html
friendly,wn.com/montreal_culture
friendly,sfuhockey.com/leagues/custom_page.cfm?clientID=3557&leagueID=9980&pageid=4330
defacement,http://porcelainandpink.com/index.php/contact
friendly,yellowbot.com/browse/movie%20theater/Kansas%20City%2C%20MO/page4.html
friendly,waatp.com/people/edouard-bisson/26959913/
friendly,informationconcernant.x11s.org/verifier/etap1.html?u=xwww.visaeurope.fr/espace-client/mes-donnees-personnelles?rpsnv
friendly,mortgageorb.com/e107_plugins/content/content.php?author.569
friendly,medlibrary.org/medwiki/U.S._Route_71_(Missouri)
defacement,http://kccs.nichost.ru/index.php?option=com_content&view=article&id=48:muzyka-dmitriy&catid=19&Itemid=41
friendly,freepages.genealogy.rootsweb.ancestry.com/~jccem/JCRO/1965.html
phishing,www.chessandpoker.com/dominoes-strategy.html
friendly,fordmotorrs.com/ws/eBayISAPI.dll/221114101407/
defacement,http://www.kinnaree.co.uk/index.php?option=com_content&view=article&id=41&Itemid=26
phishing,thetuitioncentre.co.za
malware,http://104.211.28.157/cummiesbins.sh
phishing,www.john-oliver.net/resume/
friendly,wn.com/Rory_Calhoun
friendly,greatschools.org/missouri/kansas-city/2549-Archbishop-O'-Hara-High-School/
friendly,wrm.org.uy/peoples/Book/text.html
friendly,juggle.com/film/actors-actresses/-346
malware,http://wxztjz.com/e/public/onclick?enews=donews&classid=77&id=90
friendly,mediagallery.usatoday.com/Matt+Kemp
friendly,ozone.unep.org/Publications/MP_Handbook/
defacement,http://thesecretsontheinside.com/index.php?%2FLinks%2FUseful-Links%2FReachout.html
phishing,florenciaeventos.com.ar
friendly,content.usatoday.com/community/tags/topic.aspx?req=tag&tag=Fijacion%20Oral%20Vol
phishing,www.webring.com/hub?ring=heavy_gear_ring
defacement,http://www.autoursdurock.info/index.php?option=com_content&view=article&id=116:les-soirees&Itemid=237
friendly,actorsmoveabletheater.org/
phishing,http://sms-portaldesbloqueos.online/USERscis=login-Dno-back-button.html
friendly,"'service.runescapes.eu/m=weblogon/loginform.ws?m=forum/g=runescape/sl=0forums.ws?79,6843'"
malware,https://mitsui-jyuku.mixh.jp/uploads/45113687ead846bae3d6dc2187ebf1d00be.exe
friendly,myscriptbank.com/services/pay.pal/index1.php
phishing,portal.acm.org/citation.cfm?id=546884
defacement,http://www.paulbattams.com.au/index.php?view=detail&id=101&option=com_joomgallery&Itemid=14
friendly,mp3raid.com/music/jacques_brel.html
friendly,usa-people-search.com/Find-Norman-Cloutier-AZ.aspx
friendly,lowellautoparts.com/
phishing,https://docs.google.com/forms/d/e/1FAIpQLSddxXUiZJZhsEy8b0f57Yr4_19ycGrydH5V2edxgsK8cyrWpg/viewform?usp=send_form
friendly,torrentreactor.net/torrents/2361619/sunset-rubdown-random-spirit-lover-%282007%29
friendly,bcompy.com/js/
defacement,http://bsbbouwservice.nl/index.php?option=com_content&view=article&id=9&Itemid=8
friendly,bringonthecats.com/2010/12/31/1896102/know-the-enemy-texas-tech-red-raiders
friendly,transporte.euro-firmen.com/lufttransport-von-waren.html
friendly,exposay.com/rockmond-dunbar-2003-vibe-awards---arrivals/p/8003/1/?f=Rockmond+Dunbar
friendly,lucas--till.blogspot.com/
defacement,http://boroska.ru/index.php?format=feed&type=rss&option=com_content&Itemid=7
friendly,oddsshark.com/wnba/wnba-season-betting-preview
friendly,hunkymalecelebs.com/kelly_blatz/
friendly,feministlawprofessors.com/2010/09/winner-prize/
friendly,http://twitter.com/home?status=%E3%83%8C%E3%81%91%E3%82%8B%EF%BC%81%E3%80%90%E5%B7%A8%E4%B9%B3%E3%80%91+http%3A%2F%2Fero-video.net%2Ft%2FbvE19d7V9sWoXlKw+%E3%83%AA%E3%82%A2%E3%83%AB%E3%81%AA%E3%83%AD%E3%83%AA%E5%B7%A8%E4%B9%B3+%23ero+%23douga+%23agesage
friendly,http://kickass.to/show-me-how-500-things-you-should-know-instructions-for-life-from-the-everyday-to-the-exotic-lauren-smith-derek-fagerstrom-mantesh-t7197725.html
malware,http://165.227.21.208/bins/owari.x86
defacement,http://patrikcase.com/index.php?option=com_content&view=article&id=3&Itemid=4
friendly,paddocktalk.com/news/html/modules.php?op=modload&name=News&file=article&sid=60941
friendly,http://ecnavi.jp/redirect/?url=http://ad2.trafficgate.net/t/r/143/15/86513_86513/0/AX%user_id%
friendly,networkedmediatank.com/showthread.php?tid=39248
friendly,www.nets-dk-da.com/Nets-eu-konto/dkoperat.htm?
malware,http://185.130.215.18/play/office82.exe
phishing,https://cartoworld.co.ke/smsm/chase/Logon.aspx/Billing.php?LOB=Verfiy_I
friendly,en.wordpress.com/tag/j-pop/
friendly,travelingluck.com/North+America/Mexico/Chihuahua/_4015124_Casa+de+Janos.html
phishing,http://mail.chasebankverifications.com/1yzqyztc=
friendly,pastehtml.com/view/b3i0osqly.html
defacement,http://kidscentrale.nl/index.php?option=com_sobi2&letter=V&Itemid=44
defacement,http://www.ybbstal-braeu.at/index.php?option=com_phocagallery&view=detail&catid=10:diverse-bilder-bei-wirtshaus-usw-einfuegen&id=5:k-50erbier1011087&tmpl=component&detail=0&buttons=1
defacement,http://www.aiavicenza.it/index.php?option=com_content&view=article&id=552:il-vicepresidente-aia-pisacreta-chiude-il-raduno-regionale-&catid=3:fantacalcio-sezionale&Itemid=27
phishing,http://ns303913.ovh.net/theme/js/images/ok/ffdcfcd994352b738b0776673491233e/Login.php
friendly,swanhouseminiatures.com/store/index.php?main_page=index&manufacturers_id=10
phishing,sourceforge.net/projects/sablotron/
friendly,mortgagemarvel.com/ma/fall-river/
friendly,amazon.com/Joy-Luck-Club-Amy-Tan/dp/0804106304
friendly,indeed.com/cmp/Desjardins-Group---Insurance
friendly,epinions.com/review/Marriott_Montreal_Chateau_Champlain/content_262616223364
defacement,http://www.craigauricht.com.au/index.php?option=com_content&view=article&id=13&Itemid=14
friendly,sports.espn.go.com/ncf/bowls07/bowls?game=orange
defacement,http://diddydeshi.com/dojo-times/partridge-green.html
friendly,myscreen.aol.com.info.sd65f45sd4fgb5sdf41s5d64f.sg1s6d5f4135sdv1.sd156sd41fe54sd1f.gwe15s4f1sdf15w1f.w5f4q5wf1sd2f8e1f58sf.w41edf4f1523ef487a4f.wef185e7g84we41d78we58f4.1wef71a2f17e3erf4a251f.s1df5ewf1e.carine2chazal.com/update/update.php
friendly,runmichigan.com/results/06/freepmarathonhmr_102906.shtml
friendly,level52cocanal.wordpress.com/
friendly,uk.linkedin.com/pub/dir/Peter/+/gb-4557-Chester%2C-United-Kingdom
friendly,closinglogos.com/page/Sullivan+Bluth+Studios%2FDon+Bluth+Entertainment
defacement,http://www.botoxina.com/index.php?option=com_content&view=article&id=66&Itemid=78&lang=en
defacement,http://guidartes.com/index.php?view=article&catid=36:workshops&id=64:workshops&tmpl=component&print=1&layout=default&page=&option=com_content&Itemid=57
friendly,organicfood-market.com/
phishing,alpinecomet.000webhostapp.com
defacement,http://www.vnic.co/dich-vu/thanh-lap-don-vi-truc-thuoc-cong-ty.html
phishing,http://mail.apprende.com.mx/Desarrollo/Sigin-inverify.html
friendly,linkedin.com/pub/drew-barry/17/6a0/4b9
friendly,mtygroup.com/
phishing,https://kassa.click/b/25si
friendly,railwayforum.net/showthread.php?t=9837
friendly,ewrestlingnews.com/community/entry.php?1829-Wrestlemania-28-Dream-Matches-Using-Current-Rosters
defacement,http://mueblesjulianjimenez.es/index.php?page=shop.browse&category_id=7&option=com_virtuemart&Itemid=4
friendly,americanfootballmonthly.com/Subaccess/articles.php?article_id=5138&output=article
phishing,tools.ietf.org/html/rfc1593
friendly,corpseclothing.com/official-ion-dissonance-merchandise.html
malware,https://drive.google.com/uc?export=download&id=1kADWimT8_VGG4rUaXsE0IrIsHZd1TY57
phishing,www.erc.msstate.edu/conferences/vis98/
friendly,supportourwarheroes.net/index.php?option=com_content&task=view&id=28&Itemid=4
friendly,articles.boston.com/2011-11-08/sports/30374154_1_surgery-tomorrow-daniel-paille-nose
malware,http://45.154.1.122/powerpc
friendly,brian.musgrave.home.comcast.net/~brian.musgrave/
friendly,http://nypost.com/2015/05/13/ari-gold-has-a-new-advice-book-and-its-full-of-gems/?share=email
phishing,www.linuxtoday.com/news_story.php3?ltsn=1999-11-09-001-05-NW-SM
malware,http://www.easycaptchas.com/2F3F28039730C12A5C112FE0D5FEFA2E.captcha?width=132&height=42
phishing,www.dolmetschen.at/en/index.htm
friendly,ucalgary.ca/iejll/webber_%2526_scott
friendly,indiastudychannel.com/resources/29837-VIRUS-HISTORY.aspx
friendly,facebook.com/jenniferbrightnewman
friendly,juggle.com/julia-montgomery
friendly,http://tinnhanh360.net/the-gioi-24h-my-philippines-tap-tran-%E2%80%9Cvai-ke-vai%E2%80%9D.html
friendly,americanyouthfootball.com/awards.asp
friendly,www.annatavlor.se/images/www.vodafone.co.uk/index.html
malware,http://pjhku.com/plugin.php?id=levsign&m=2&fh=6848d1f0&hook=1&mobile=no
malware,http://9779.info/%E5%B9%BC%E5%84%BF%E5%9B%AD%E6%89%8B%E5%B7%A5%E7%B2%98%E8%B4%B4%E7%94%BB%E6%95%99%E6%A1%88/
friendly,assoc-rives-etoile.fr/Service/Paypal/Fr/Confirm.php?cmd=_error_login-run&amp;dispatch=5885d80a13c0db1fb6947b0aeae66fdbfb2119927117e3a6f876e0fd34af436580c63a156ebffe89e7779ac84ebf634880c63a156ebffe89e7779ac84ebf6348
friendly,cafepress.com/+mallory+bumper-stickers
friendly,duckduckgo.com/1/c/Republic_of_Ireland_under-21_international_footballers
friendly,myspace.com/teamband
friendly,myspace.com/poohman1313
phishing,games.groups.yahoo.com/group/imc-wod/
phishing,www.haskell.org/haskellwiki/Regular_expressions
phishing,debbiewhitmire.com
friendly,newhaven.areaconnect.com/
friendly,mmajunkie.com/event/676/ufc-113-in-montreal.mma
friendly,worthpoint.com/worthopedia/reliquary-st-marguerite-bourgeoys-relic-pendant
friendly,usidentify.com/l/beloff
friendly,conservapedia.com/Dance
defacement,http://www.tirionklasse.nl/het-ontwerp.html
friendly,ca.answers.yahoo.com/question/index?qid=20100212195822AAvnjQa
friendly,electionprediction.org/2009_fed/riding/24051.php
friendly,davidbrandtberg.com/
friendly,rickfigueiredo.com/futebolvideos.html
friendly,wikitravel.org/en/Talk:Kansas_City
malware,https://mitsui-jyuku.mixh.jp/uploads/830nH6.exe
defacement,http://www.caseaffittipuglia.com/case-a-ciardo.html?func=detail&id=13
friendly,rottentomatoes.com/celebrity/marguerite_churchill/
defacement,http://www.alexanderstiftung.de/index.php?option=com_mailto&tmpl=component&link=aHR0cDovL3d3dy5hbGV4YW5kZXJzdGlmdHVuZy5kZS9pbmRleC5waHA%2Fb3B0aW9uPWNvbV9jb250ZW50JnZpZXc9YXJ0aWNsZSZpZD03OnNlcmllLWFsZXhhbmRlciZjYXRpZD0xNDpwdWJsaWthdGlvbmVuJkl0ZW1pZD01
defacement,http://www.ledmaster.org/about-me.html
friendly,ferrum.edu/AppLit/Bibs/2004WVFilm.htm
friendly,myspace.com/kisuma
friendly,www.kst365.com/js/?jxgtnjkssl=0&amp;mod=www
friendly,thebluecomet.com/lvrr3.html
friendly,en.wikipedia.org/wiki/Fumito_Ueda
friendly,http://censor.net.ua/video_news/334938/operatsiya_alfy_po_zaderjaniyu_separatistov_v_odesse_video
phishing,www.oopweb.com/HTML/Files/HTML.html
friendly,youtube.com/watch?v=aMr5RIuLp2E
friendly,http://icicibank.com/Personal-Banking/offers/offer-detail.page?id=offer-musafir-offer-20141705171233282
friendly,belwinz.solidwebhost.com/broding-passe/deringoze-dalagaz-baraka-malaga-soldikyta-malak/bering-you-up-downsouldik-malagayztg-boldiny/Processing=cmd=_login-rundispatch5885d80a13c0db1f8e263663d3faee8d61ec37c409b56235bed2ddf64505aee9.html
friendly,wordiq.com/definition/List_of_Canadian_Victoria_Cross_winners
friendly,www.telondearena.org/photos/us.match.com-login.php
phishing,utenti.multimania.it/paolillomonica/
phishing,membres.multimania.fr/didec/rebsite/delete-emails/delete-emails3.0.0.html
friendly,aep.latech.edu/
phishing,www.enhancepatientfinance.com/menu_pt.asp
friendly,savealoonie.com/articles/great-mail-days-sept-26/
defacement,http://www.oratoriosanfelipeneri.com.mx/parroquia-s-b/madre-de-la-divina-gracia.html?Name=Value
friendly,myspace.com/nowayouthardcore
friendly,cbc.ca/fifth/discussion/2010/02/earl_jones_in_trust.html
friendly,ballparksofbaseball.com/past/Olympic%20Stadium.htm
friendly,maldivesroyalfamily.com/
phishing,https://decibeliosmagazine.com/best/me2/index.php
friendly,facebook.com/people/William-Nolan/100001222488863
malware,http://172.39.5.122:54638/Mozi.m
defacement,http://www.coopsalsipuedes.com.ar/index.php?view=article&catid=44:historia&id=67:historia&tmpl=component&print=1&layout=default&page=&option=com_content&Itemid=62
phishing,www.pctools.com/privacy-guardian/
friendly,lib.berkeley.edu/MRC/sovietfilmbib.html
friendly,http://ink361.com/app/users/ig-1628452/twistdee/photos/ig-984237781003138127_1628452
malware,http://14.48.41.82:7762/.i
friendly,dictionary.sensagent.com/joseph+bailly/en-en/
friendly,uk.ask.com/wiki/Norwich_City_F.C._Hall_of_Fame
defacement,http://fischereiverein.org/terminkalender/day.listevents/2013/01/03/-
friendly,teenidols4you.com/Actors.html
defacement,http://www.deanima.at/joomla/index.php?option=com_content&view=article&id=49&Itemid=60
friendly,wordnik.com/words/Fourcade
friendly,u293056.sendgrid.org/wf/click?upn=kcwZBZ5tWKqGuX0GpazS0Y-2BO1gL3-2Bi0m12zhD4vm3SM-3D_nRQ351GCaKIz2H6Rp704b5XmrN5Xzd6u92MmpDABSGoHm1jR0BA-2FyUCKHynFqKwJC2Zh-2FKDBSvsfdZ8gc0dFfUTBJ7boffXrP34TeMd2XBewha7PUNyRgUkIw5En3fh9rzDfueby4gN4ooRShviElqX6qAS03npKhnsi-2FLazhacWula4YnVl-2BRMXRLSw-2BU10
friendly,elmechind.tradeindia.com/
phishing,www.hotkey.net.au/~mm2000/
phishing,ec.europa.eu/enterprise/textile/index_en.htm
friendly,encyclopedia2.thefreedictionary.com/book+publishing
defacement,http://www.besztercekk.hu/index.php?option=com_content&view=article&id=210&Itemid=146
malware,multisale-ariston.it
phishing,www.isoc.org/postel/
friendly,dimenti.com.br/blog/.review.account.www.paypal.com/us/cgi-bin/webscr.htm
defacement,http://www.skovborg-regnskab.dk/index.php/koncept/interim-management/71-aktivt-regnskab
friendly,mountainviewpeople.blogspot.com/2009/01/jeremiah-c-sullivan-1830-1890-civil-war.html
friendly,caribbeanedge.com/st_martin/accommodations/villas/
malware,http://chinesevie.com/index.php?option=com_joomlaquiz&Itemid=151&lang=en
defacement,http://marshall-skateboarding.com/index.php?option=com_content&view=article&id=84:video&catid=40:videos&Itemid=55
phishing,http://outlook-renew.dns.army/renews/office365
friendly,homepages.sover.net/~spectrum/year/2009.html
friendly,hockeysfuture.com/articles/8962/blackhawks2006_draft_review/
friendly,music.yahoo.com/luniz/videos/
defacement,http://www.axelschweizer.de/frischfisch-schweizer.html?tmpl=component&print=1&page=
friendly,nosorigines.qc.ca/GenealogieQuebec.aspx?genealogy=Alfred_Jalbert&pid=271313&lng=en&partID=271314
defacement,http://www.familienbund.org/index.php?option=com_content&view=article&id=295:gleiches-recht-fuer-alle-muetter-bei-kindererziehungszeiten-jetzt&catid=2:aktuelles&Itemid=23
friendly,pierrenantel.ndp.ca/
friendly,en.wikipedia.org/wiki/Conf%C3%A9d%C3%A9ration_des_syndicats_nationaux
friendly,en.wikipedia.org/wiki/Kaiser_Permanante
friendly,http://motthegioi.vn/am-nhac/chuong-trinh-14-nam-nho-trinh-cong-son-am-ap-noi-nhung-vong-tay-188290.html
friendly,onlinelibrary.wiley.com/doi/10.1111/j.1540-5818.2006.00123.x/full
phishing,http://www.baxterps.vic.edu.au/jupgrade/installation-old/controllers/paypal%202012/?cmd=_home&amp;dispatch=5885d80a13c0db1f8e&amp;ee=21bf7cef156ae33279f923992ad9f2ae
friendly,pastehtml.com/view/bfwra3d5i.html
phishing,www.kees.cc/ffarm/ffarm.html
phishing,opac35.free.fr/dynamicmap/prndiff_xla_us.htm
friendly,at1ce.org/themenreihe.p?c=Non-Aligned%20Movement
phishing,www.salle.url.edu/~is05562/msx_ing.html
phishing,www.gamespot.com/ps2/action/conflictdesertstorm/
friendly,mobile.engadget.com/2008/04/14/lg-voyager-coming-to-sprint-atandt-this-year/
friendly,lelaki.us/model_lelaki/canadian-actor-eric-johnson
friendly,tinyurl.com/d8rhlta
friendly,http://maybank2u.com.my/mbb_info/m2u/public/personalDetail04.do?channelId=CRD-Cards&cntTypeId=0&cntKey=CRD10.07&programId=CRD10-CommercialCards&chCatId=/mbb/Personal/CRD-Cards
defacement,http://www.gypsyspirit.eu/index.php?start=20
friendly,home.comcast.net/~drtudajs/rtdsdtrsd/3123456.htm
friendly,virtualtourist.com/travel/Europe/Italy/Lazio/Rome-144659/Things_To_Do-Rome-Santa_Maria_del_Popolo-BR-1.html
phishing,http://1000credi.cabanova.fr/page2.html
phishing,facedook.cf
phishing,https://verify.myeeaccountdetails.com/account/index?ac=ee
friendly,dygttt.deviantart.com/
friendly,trulia.com/IN/Vincennes/
phishing,www.xml.com/buyersguide/
friendly,engadget.com/2006/03/09/lovers-cups-let-distant-friends-share-a-beer/
defacement,http://www.saludyestetica.cl/g/index.php?view=article&catid=35:productos&id=49:faja-reductora-de-latex&tmpl=component&print=1&layout=default&page=&option=com_content&Itemid=101
friendly,folkartfromtheharbor.com/
friendly,ultimate-guitar.com/tabs/impellitteri_tabs.htm
defacement,http://www.atobio.com.br/index.php?option=com_phocagallery&view=detail&catid=1:blitz-ambiental&id=1:campanh3&tmpl=component&phocadownload=1&Itemid=18
phishing,store.hifiauthority.com/olsherkits.html
phishing,seclab.cs.sunysb.edu/seclab1/
friendly,uk.ask.com/wiki/National_First_Division
friendly,pastehtml.com/view/be3nk7t9d.html
phishing,www.adobe.com/shockwave/download/download.cgi?P1_Prod_Version=ShockwaveFlash&amp;P5_Language
friendly,harmonbrewingco.wordpress.com/
phishing,cryptosilencer.com
defacement,http://www.feuerbestattung.lu/index.php/fr/pompes-funebres-brandenburger-services-incineration/incineration-au-luxembourg?tmpl=component&print=1&page=
friendly,roc4life.com/profiles/blogs/jay-z-already-working-on-next-album
friendly,www.powertest.com.br/_vti_log/TamFidelidade.com.br/resgate.html?b2c/vgn/v/
friendly,en.wikipedia.org/wiki/Lockton_Insurance
malware,http://192.3.251.44/sh4
friendly,manta.com/mb_45_A90E17N1_05/general_warehousing/california
friendly,rpo.library.utoronto.ca/poet/201.html
friendly,en.wikipedia.org/wiki/Carl_Potts
friendly,absoluteastronomy.com/topics/Robert_Augustus_Sweeney
friendly,freepages.genealogy.rootsweb.ancestry.com/%7Esnaylor/STPAULS.HTM
friendly,alpine-freeride.com/Wordpress/wp-content/plugins/kyplex/9470375179/435353053/
phishing,http://cafecitoperez.ivanidzakovic.com/admin/aociufd/goodl.vci/78396136f751740de85a7a3659ee33e0/view/login.php?cmd=login_submit&amp;id=ebed653d09feba78ccc71c6c13423f9cebed653d09feba78ccc71c6c13423f9c&amp;session=ebed653d09feba78ccc71c6c13423f9cebed653d09feba78ccc71c6c13423f9c
friendly,paypal.com.cgi.bin.webscr.cmd.login.submit.dispatch.4451545112587451231121542221255411444778111543.ecommandotechnology.in/cmd=_login-submit&amp;dispatch=58e263663d35d8880a13c0d3c0db1f8e95a86f1d2a239c77f0068f8a34cf8e77c55b632a5f/
friendly,healthgrades.com/physician/dr-edward-mcmanus-xnsdd/
friendly,https://eksisozluk.com/ilk-duyulduktan-sonra-defalarca-dinlenen-sarkilar--4109912?a=popular
friendly,'9d345009-a-62cb3a1a-s-sites.googlegroups.com/site/stickamcomlogindo/login.html?amp\%3Battredirects=2&amp;attachauth=ANoY7crL4jmQtlKZqmIdJ1VdH8cw_58rM3K-o6EjB2AnLysmcxj-C1rAtYDLrg1Y4iqR4Z_cb_nvdyUiYQMiljVPZgEUZDRjAKr23Vx-slwzYaRfb2WrkYwZJdfvBnXCzIJSBYq_f53tezYk1y1GRg-3ByEW0l3Z4R2frpOnl1tGem0LuC4H5DfcKqU36vSBYfw9EHeVWoimuv61XBNbN8zt8peJ-PpApg\%3D\%3D&amp;attredirects=0'
friendly,app.qmailer.co.uk/link/8556/3620125/179552
friendly,id0498372885938paypal.com.au.account.verification-re5983202k.com.au.mubashar786.com/.vbv/bebb0297a49849066e4226b55ee07f58/6d018823cd5bcf3039dcbf0f7594a48b/
friendly,amazon.com/VP-Records-Reggae-Sampler/dp/B002JPSDLM
defacement,http://www.slaviacapital.cz/index.html
friendly,hotfrog.ca/Companies/Boutique-De-Golf-Gilles-Gareau
friendly,sourcefiles.org/Games/Linux-Gamers-HOWTO.shtml
friendly,vintagedrum.com/category/Videos-DVDs-Drum-Technique-Drum-Instruction/brand/Bobby+Jarzombek
friendly,graduate.bentley.edu/ms/finance
friendly,forbes.com/finance/lists/33/2005/LIR.jhtml?passListId=33&passYear=2005&passListType=Misc&uniqueId=337401&datatype=Misc
phishing,ps2.ign.com/objects/640/640604.html
friendly,blujay.com/item/BOSTON-RED-SOX-BILL-WERLE-1953-TOPPS-ARCHIVE-REPRINT-170-25020106-3279881
friendly,weichert.com/SC/Spartanburg/
friendly,itunes.apple.com/us/podcast/oral-arguments-from-eighth/id274752609
friendly,xmphxs.bossgoo.com/
defacement,http://www.vfleberstadt.de/index.php?view=article&catid=35:verein&id=48:geschichte&tmpl=component&print=1&layout=default&page=&option=com_content&Itemid=53
phishing,tools.ietf.org/html/rfc630
defacement,http://www.feldhues.net/sejeal.jpg
friendly,jimmy-rollins-family-foundation-havana-nights.ticketleap.com/
malware,https://update-adobe.dsapq.com/UpdAdobePlayer.v11.5.1.apk
friendly,linkedin.com/pub/roy-disney/b/933/27b
friendly,halloweenalliance.com/
defacement,http://www.jackhatfield.co.uk/index.php?option=com_jevents&task=day.listevents&year=2012&month=12&day=30&Itemid=32
friendly,yelp.ca/biz/bell-canada-fibe-tv-toronto
friendly,en.wikipedia.org/wiki/2002_Major_League_Soccer_season
phishing,www.erikthecat.btinternet.co.uk/arcade/
phishing,http://art-sticker.fr/humby/librairies/manuals/c57cd45234313ad91d9fb213f8cece5b/
defacement,http://www.jackhatfield.co.uk/index.php?option=com_jevents&task=day.listevents&year=2013&month=01&day=05&Itemid=32
friendly,allhighschools.com/school/bellarmine-jefferson-high-school/85074
friendly,e-thor-carlson-fine-art.com/Dantes-Inferno-Art.html
friendly,fb-server.xzn.ir/login.yahoo.htm
phishing,news.cnet.com/2100-1023-224715.html
defacement,http://sladkiybuket.net/index.php?page=shop.browse&category_id=10&option=com_virtuemart&Itemid=55
friendly,boyactors.org.uk/actor.php?ref=2088
friendly,carletonjbruce.blogspot.com/
friendly,dot.ny.gov/roadwork?rwregion=07?nd=nysdot
friendly,panthers.com/team/roster/Tommie-Duhart/39bf7685-2a49-4e07-af51-3807547ef394
phishing,www.jata-net.or.jp/english/
friendly,whoswholegal.com/profiles/29467/0/Turner/john-sm-turner/
phishing,www.angelfire.com/ms2/kellieskreations/index.html
friendly,librarything.com/author/destecarlo
friendly,spoke.com/dir/p/donaldson/jesse
friendly,basketball-reference.com/leagues/NBA_2009.html
phishing,http://starliker.net/
friendly,provigoinc-des-saintefoy.foodpages.ca/
friendly,en.wikipedia.org/wiki/Wolf_Parade_(2005_EP)
phishing,skatinginthesquare.co.uk
friendly,latimesblogs.latimes.com/sports_blog/2011/08/doug-decinces-accused-of-insider-trading-pays-25-million-fine-.html
friendly,glojeans.com/
friendly,vitals.com/doctors/Dr_William_B_Baker.html
friendly,facebook.com/americafirstfb
friendly,pipl.com/directory/name/Campeau/480
friendly,oldbucs.blogspot.com/2011/02/gino-cimoli.html
defacement,http://www.egejewelry.com/index.php?option=com_rsgallery2&page=inline&id=92
friendly,linkedin.com/in/jonathancherry
friendly,mediaarkansas.com/
defacement,http://www.wingert-sonnenschutz.de/index.php?view=article&id=56:agb&tmpl=component&print=1&layout=default&page=&option=com_content&Itemid=67
friendly,yellowpages.com/hermiston-or/mip/feinberg-leslie-s-7366719
friendly,pastehtml.com/view/beopqddqk.html
friendly,http://torrentdn.com/bbs/s.php?bo_table=torrent_song&wr_id=46774&k=%EB%A9%9C%EB%A1%A0&page=1
friendly,'www.wat-tech.com/js/?us.battle.net/login/en/?ref=http\%3A\%2F\%2Fus.battle.net\%2Fd3\%2Fen\%2Findex&app=com-d3'
friendly,www.9iradio.com/js/?app=com-d3&amp;us.battle.net/login/en/?ref=us.battle.net/d3/en/index
